,AESL_inst_AES128Encrypt,,module_status1.csv
,grp_Sbox_fu_424,,module_status2.csv
,grp_Sbox_fu_429,,module_status3.csv
,grp_Sbox_fu_434,,module_status4.csv
,grp_Sbox_fu_439,,module_status5.csv
,state_117_Sbox_fu_444,,module_status6.csv
,state_118_Sbox_fu_449,,module_status7.csv
,state_119_Sbox_fu_454,,module_status8.csv
,state_120_Sbox_fu_459,,module_status9.csv
,state_121_Sbox_fu_464,,module_status10.csv
,state_122_Sbox_fu_469,,module_status11.csv
,state_123_Sbox_fu_474,,module_status12.csv
,state_124_Sbox_fu_479,,module_status13.csv
,state_125_Sbox_fu_484,,module_status14.csv
,state_126_Sbox_fu_489,,module_status15.csv
,state_127_Sbox_fu_494,,module_status16.csv
,state_128_Sbox_fu_499,,module_status17.csv
,call_ret_MixColumns_fu_504,,module_status18.csv
